{
  "logreg": {
    "accuracy": 0.776,
    "auc": 0.5533873343151694
  },
  "gradboost": {
    "accuracy": 0.76,
    "auc": 0.4863770250368188
  }
}