{
  "logreg": {
    "accuracy": 0.696,
    "auc": 0.5226860254083484
  },
  "gradboost": {
    "accuracy": 0.624,
    "auc": 0.48154869933454325
  }
}